test,image
pet4_60.png
pet8_80.png
human4_120.png
pet7_140.png
pet9_150.png
human9_150.png
human5_100.png
human3_120.png
pet6_130.png
pet1_50.png
pet10_90.png
human2_50.png
human4_60.png
human10_100.png
human3_100.png
human5_130.png
human9_100.png
pet2_100.png
human1_110.png
human7_100.png
pet3_60.png
pet1_110.png
human5_70.png
pet5_100.png
human9_90.png
test_image
human6_70.png
pet2_110.png
pet3_120.png
human3_60.png
human1_50.png
pet5_130.png
pet8_140.png
human1_100.png
pet4_120.png
human8_80.png
pet7_100.png
human6_100.png
human4_100.png
pet10_150.png
pet4_100.png
pet2_50.png
human7_80.png
human2_110.png
human6_130.png
pet6_100.png
human10_90.png
pet8_100.png
pet5_70.png
pet7_80.png
pet6_70.png
pet10_100.png
human8_140.png
pet9_100.png
pet3_100.png
human10_150.png
human2_100.png
human8_100.png
pet9_90.png
human7_140.png
pet1_100.png
